,0,1,2
0,creative, ,https://class101.net/products/IkmJ4SYQNlgb1w0WmRMt
1,creative, ,https://class101.net/products/YY6lCGmxGEjpVQxwZSwx
2,creative, ,https://class101.net/products/yJRuV2sSWm3kzdj6wJ3k
3,creative, ,https://class101.net/products/vQoh4UQQ6NQ7Ign28ORz
4,creative, ,https://class101.net/products/OBHyJOZ3bWbnbwYrmnkw
5,creative, ,https://class101.net/products/diP2AikwSbNCFtuO8lJB
6,creative, ,https://class101.net/products/ENppV01t0eGcUoEl1TYq
7,creative, ,https://class101.net/products/VmoWMd46c14txZUYrRpd
8,creative, ,https://class101.net/products/e11nMTro2MP3c7l8W7Dw
9,creative, ,https://class101.net/products/FvmThO9I75KkhtoXiPMQ
10,creative, ,https://class101.net/products/NkKdN1M136GRR1JdhZ1v
11,creative, ,https://class101.net/products/LlCPz6f9sX7ZqNFJUkXx
12,creative, ,https://class101.net/products/MeWbxFNvpDjWA67CWylo
13,creative, ,https://class101.net/products/4f7x5BrM4d5LRLCTliO1
14,creative, ,https://class101.net/products/tM1lCXRFBFkAdY7VFIDv
15,creative, ,https://class101.net/products/JIGdVpbXb0NxReO0kDd7
16,creative, ,https://class101.net/products/U8Vk8CInpQhHuHNm6JPI
17,creative, ,https://class101.net/products/hMyDgEG8BKy9F9SN1npx
18,creative, ,https://class101.net/products/Ntb24i5h8F7D2l2MqmhI
19,creative, ,https://class101.net/products/iOaUx6bXHRozgGgcbx0Z
20,creative, ,https://class101.net/products/S1A2X2wt4eBKopfMHH2F
21,creative, ,https://class101.net/products/cUCJ00LPDEVUEWMSJ7aX
22,creative, ,https://class101.net/products/6vzDIxs8V3VzNj2xevMS
23,creative, ,https://class101.net/products/J0v3vURVPHgRqFSB5LxT
24,creative, ,https://class101.net/products/1KmyRi1nhrSqdMYIs4VN
25,creative, ,https://class101.net/products/LD018tDYv5ZvUClkuA5L
26,creative, ,https://class101.net/products/lbDgiBLHasXljT95xnBn
27,creative, ,https://class101.net/products/cVTWf91WmALqHEy3fzuD
28,creative, ,https://class101.net/products/IkmJ4SYQNlgb1w0WmRMt
29,creative, ,https://class101.net/products/YY6lCGmxGEjpVQxwZSwx
30,creative, ,https://class101.net/products/yJRuV2sSWm3kzdj6wJ3k
31,creative, ,https://class101.net/products/vQoh4UQQ6NQ7Ign28ORz
32,creative, ,https://class101.net/products/OBHyJOZ3bWbnbwYrmnkw
33,creative, ,https://class101.net/products/diP2AikwSbNCFtuO8lJB
34,creative, ,https://class101.net/products/ENppV01t0eGcUoEl1TYq
35,creative, ,https://class101.net/products/VmoWMd46c14txZUYrRpd
36,creative, ,https://class101.net/products/e11nMTro2MP3c7l8W7Dw
37,creative, ,https://class101.net/products/FvmThO9I75KkhtoXiPMQ
38,creative, ,https://class101.net/products/NkKdN1M136GRR1JdhZ1v
39,creative, ,https://class101.net/products/LlCPz6f9sX7ZqNFJUkXx
40,creative, ,https://class101.net/products/MeWbxFNvpDjWA67CWylo
41,creative, ,https://class101.net/products/4f7x5BrM4d5LRLCTliO1
42,creative, ,https://class101.net/products/tM1lCXRFBFkAdY7VFIDv
43,creative, ,https://class101.net/products/JIGdVpbXb0NxReO0kDd7
44,creative, ,https://class101.net/products/U8Vk8CInpQhHuHNm6JPI
45,creative, ,https://class101.net/products/hMyDgEG8BKy9F9SN1npx
46,creative, ,https://class101.net/products/Ntb24i5h8F7D2l2MqmhI
47,creative, ,https://class101.net/products/iOaUx6bXHRozgGgcbx0Z
48,creative, ,https://class101.net/products/S1A2X2wt4eBKopfMHH2F
49,creative, ,https://class101.net/products/cUCJ00LPDEVUEWMSJ7aX
50,creative, ,https://class101.net/products/6vzDIxs8V3VzNj2xevMS
51,creative, ,https://class101.net/products/J0v3vURVPHgRqFSB5LxT
52,creative, ,https://class101.net/products/1KmyRi1nhrSqdMYIs4VN
53,creative, ,https://class101.net/products/LD018tDYv5ZvUClkuA5L
54,creative, ,https://class101.net/products/lbDgiBLHasXljT95xnBn
55,creative, ,https://class101.net/products/cVTWf91WmALqHEy3fzuD
56,creative, ,https://class101.net/products/HecSpAww7RHFuLUzqBjR
57,creative, ,https://class101.net/products/zLSkcce773cmD6rsSRFP
58,creative, ,https://class101.net/products/1pdE5OXKQuSAnXlJH5tm
59,creative, ,https://class101.net/products/GJRYUN4qZx1ysKXYJZ8c
60,creative, ,https://class101.net/products/P4W0gjacGKNBY9KBlLg5
61,creative, ,https://class101.net/products/hf3H7C5T96VByVsA3ZRz
62,creative, ,https://class101.net/products/dChvUIXAuno76PNLY8iA
63,creative, ,https://class101.net/products/rSnT9Na0YVTW16gPq6Cd
64,creative, ,https://class101.net/products/qX5YuvRsls07ucbb9v9O
65,creative, ,https://class101.net/products/CBENDvo9DhBGwDuJdN6i
66,creative, ,https://class101.net/products/l20zpmgOWoNPBk5PMBaQ
67,creative, ,https://class101.net/products/cBx2SzgyzsqePDc0uSEO
68,creative, ,https://class101.net/products/z01gOi4ISxB8TbpJJ5Qs
69,creative, ,https://class101.net/products/XZfyg4CbrvBjrmHGMt4P
70,creative, ,https://class101.net/products/sdmT4F9x939Nm6xhbD0g
71,creative, ,https://class101.net/products/rOnj14rsRhIPkQisqX7s
72,creative, ,https://class101.net/products/lAOn4y23qITNwHoRgW9V
73,creative, ,https://class101.net/products/7upcoHWs8NoMn84WqOdr
74,creative, ,https://class101.net/products/mfo1mrU5I2alcxWhN0dG
75,creative, ,https://class101.net/products/UfqS8oIz0cYPkbyclNdm
76,creative, ,https://class101.net/products/PYNyKDGqZxmgKoNnHq2H
77,creative, ,https://class101.net/products/OAWDjOZ0OkU0QqUo2kEg
78,creative, ,https://class101.net/products/WRtHxKybtbd6sTSLeNfG
79,creative, ,https://class101.net/products/gic3ro0NcJIkinz8D7oC
80,creative, ,https://class101.net/products/XfXQYt5h0edCw8qjtlYI
81,creative, ,https://class101.net/products/q3k31l9d0pvKwb3jGXSA
82,creative, ,https://class101.net/products/FO3HfVZtXTo23QVhaJFX
83,creative, ,https://class101.net/products/IkmJ4SYQNlgb1w0WmRMt
84,creative, ,https://class101.net/products/YY6lCGmxGEjpVQxwZSwx
85,creative, ,https://class101.net/products/yJRuV2sSWm3kzdj6wJ3k
86,creative, ,https://class101.net/products/vQoh4UQQ6NQ7Ign28ORz
87,creative, ,https://class101.net/products/OBHyJOZ3bWbnbwYrmnkw
88,creative, ,https://class101.net/products/diP2AikwSbNCFtuO8lJB
89,creative, ,https://class101.net/products/ENppV01t0eGcUoEl1TYq
90,creative, ,https://class101.net/products/VmoWMd46c14txZUYrRpd
91,creative, ,https://class101.net/products/e11nMTro2MP3c7l8W7Dw
92,creative, ,https://class101.net/products/FvmThO9I75KkhtoXiPMQ
93,creative, ,https://class101.net/products/NkKdN1M136GRR1JdhZ1v
94,creative, ,https://class101.net/products/LlCPz6f9sX7ZqNFJUkXx
95,creative, ,https://class101.net/products/MeWbxFNvpDjWA67CWylo
96,creative, ,https://class101.net/products/4f7x5BrM4d5LRLCTliO1
97,creative, ,https://class101.net/products/tM1lCXRFBFkAdY7VFIDv
98,creative, ,https://class101.net/products/JIGdVpbXb0NxReO0kDd7
99,creative, ,https://class101.net/products/U8Vk8CInpQhHuHNm6JPI
100,money, ,https://class101.net/products/x46N7k3Czm28tD70c3Xb
101,money, ,https://class101.net/products/6JEEdjUieqshYeSb7ALy
102,money, ,https://class101.net/products/k3KP0Kh69A8iWMTihVuZ
103,money, ,https://class101.net/products/l3SxzjiSe3AnA6ilD1h0
104,money, ,https://class101.net/products/Q0hMx8kzjfSUoL5Iijam
105,money, ,https://class101.net/products/94ActB4yrmehhtV8EU3k
106,money, ,https://class101.net/products/vXcO1iZbdpyZoLH2Aq4S
107,money, ,https://class101.net/products/O7SGv57YJ6mzaQerZjaS
108,money, ,https://class101.net/products/gTMaIPskP1BRMcP2oSe0
109,money, ,https://class101.net/products/3aGZnRt6i9pdS2m6NTYr
110,money, ,https://class101.net/products/nyULkfIF1oH6kPNAPSLE
111,money, ,https://class101.net/products/JViNFMqAETG4rdq5RDm2
112,money, ,https://class101.net/products/GNNMfyIfdxmlByRtMbdI
113,money, ,https://class101.net/products/bM6mHt511x3FAaF5d1bH
114,money, ,https://class101.net/products/HOEqb85vLfEvGxEXlepL
115,money, ,https://class101.net/products/w4aPU5t9U4eaCr0vrL5l
116,money, ,https://class101.net/products/kl0DdlkkXGyssJdqUHeK
117,money, ,https://class101.net/products/SwUgMr0MDAPXSPgLsD01
118,money, ,https://class101.net/products/Xl3FzgGJCzgid7nsKIjE
119,money, ,https://class101.net/products/20wWVPynXYH3Bl6r97sY
120,money, ,https://class101.net/products/uxCgXIUsk2uOkYBrtA70
121,money, ,https://class101.net/products/qxi8YndiWKOmLD3smv45
122,money, ,https://class101.net/products/p4twM02W81uWdC5vAKrn
123,money, ,https://class101.net/products/fBcuqxuLShuEZXVFNfHV
124,money, ,https://class101.net/products/M7QbyoAue23dUEutSPtn
125,money, ,https://class101.net/products/goGqTm0oudZOWk4NT3ZW
126,money, ,https://class101.net/products/hZG3Mclh6BamJIDoSU95
127,money, ,https://class101.net/products/zyzx4oWNJw7KtzrI1QuA
128,money, ,https://class101.net/products/x46N7k3Czm28tD70c3Xb
129,money, ,https://class101.net/products/6JEEdjUieqshYeSb7ALy
130,money, ,https://class101.net/products/k3KP0Kh69A8iWMTihVuZ
131,money, ,https://class101.net/products/l3SxzjiSe3AnA6ilD1h0
132,money, ,https://class101.net/products/Q0hMx8kzjfSUoL5Iijam
133,money, ,https://class101.net/products/94ActB4yrmehhtV8EU3k
134,money, ,https://class101.net/products/vXcO1iZbdpyZoLH2Aq4S
135,money, ,https://class101.net/products/O7SGv57YJ6mzaQerZjaS
136,money, ,https://class101.net/products/gTMaIPskP1BRMcP2oSe0
137,money, ,https://class101.net/products/3aGZnRt6i9pdS2m6NTYr
138,money, ,https://class101.net/products/nyULkfIF1oH6kPNAPSLE
139,money, ,https://class101.net/products/JViNFMqAETG4rdq5RDm2
140,money, ,https://class101.net/products/GNNMfyIfdxmlByRtMbdI
141,money, ,https://class101.net/products/bM6mHt511x3FAaF5d1bH
142,money, ,https://class101.net/products/HOEqb85vLfEvGxEXlepL
143,money, ,https://class101.net/products/w4aPU5t9U4eaCr0vrL5l
144,money, ,https://class101.net/products/kl0DdlkkXGyssJdqUHeK
145,money, ,https://class101.net/products/SwUgMr0MDAPXSPgLsD01
146,money, ,https://class101.net/products/Xl3FzgGJCzgid7nsKIjE
147,money, ,https://class101.net/products/20wWVPynXYH3Bl6r97sY
148,money, ,https://class101.net/products/uxCgXIUsk2uOkYBrtA70
149,money, ,https://class101.net/products/qxi8YndiWKOmLD3smv45
150,money, ,https://class101.net/products/p4twM02W81uWdC5vAKrn
151,money, ,https://class101.net/products/fBcuqxuLShuEZXVFNfHV
152,money, ,https://class101.net/products/M7QbyoAue23dUEutSPtn
153,money, ,https://class101.net/products/goGqTm0oudZOWk4NT3ZW
154,money, ,https://class101.net/products/hZG3Mclh6BamJIDoSU95
155,money, ,https://class101.net/products/zyzx4oWNJw7KtzrI1QuA
156,money, ,https://class101.net/products/KPPdqrZv7ZQ6CrDU0VVa
157,money, ,https://class101.net/products/pHIZchR7a0C5hMpVvnp5
158,money, ,https://class101.net/products/h5FwB3mlXd9Z0zwMMQtt
159,money, ,https://class101.net/products/swiCy104cJKb55nooZ27
160,money, ,https://class101.net/products/Qh7sxfNGTISLviHlBxJs
161,money, ,https://class101.net/products/esw88imFlbeHxlWTxbVZ
162,money, ,https://class101.net/products/8NTUxCwCa3jf3NVbFQ6Z
163,money, ,https://class101.net/products/ZQh656roDLZnsLSmxhWs
164,money, ,https://class101.net/products/yvivFBDvXqRYaZfawhdK
165,money, ,https://class101.net/products/bdR7LQXYc6yhJ9ZqqvuL
166,money, ,https://class101.net/products/D49lZMhChAFpYXhGAlZg
167,money, ,https://class101.net/products/PH5YxomvF2NSVkCxvJO2
168,money, ,https://class101.net/products/JSuU0LhLMQK9KSzIz1JK
169,money, ,https://class101.net/products/zaswQi8tonzayH30fpDq
170,money, ,https://class101.net/products/E9jfiX9nAaq5ZwGjOJLY
171,money, ,https://class101.net/products/B84vroykY9vgJsgxGTjU
172,money, ,https://class101.net/products/hoLSB5FdepaYtLrm6zZw
173,money, ,https://class101.net/products/uKiVg18hblAXS4uxZMKK
174,money, ,https://class101.net/products/0OJpXesBG3iQhxwNhSf0
175,money, ,https://class101.net/products/mK9mAfPGPKbSkT4ROTNq
176,money, ,https://class101.net/products/OYIe1e00fBassOK74AMi
177,money, ,https://class101.net/products/pf5MCuQ1lKwzRcAlKWT9
178,money, ,https://class101.net/products/AYrAD4ISUccARLyFtv7b
179,money, ,https://class101.net/products/ByhIvObQacUKvTHCorCN
180,money, ,https://class101.net/products/0GavpYVoznvU9tUjttee
181,money, ,https://class101.net/products/2cHsOhvp6DX1P6T0lvNU
182,money, ,https://class101.net/products/fINpivvXH1bOjgCjJuRd
183,money, ,https://class101.net/products/rt0QWKuoPY4lH2UfKF6b
184,money, ,https://class101.net/products/x46N7k3Czm28tD70c3Xb
185,money, ,https://class101.net/products/6JEEdjUieqshYeSb7ALy
186,money, ,https://class101.net/products/k3KP0Kh69A8iWMTihVuZ
187,money, ,https://class101.net/products/l3SxzjiSe3AnA6ilD1h0
188,money, ,https://class101.net/products/Q0hMx8kzjfSUoL5Iijam
189,money, ,https://class101.net/products/94ActB4yrmehhtV8EU3k
190,money, ,https://class101.net/products/vXcO1iZbdpyZoLH2Aq4S
191,money, ,https://class101.net/products/O7SGv57YJ6mzaQerZjaS
192,money, ,https://class101.net/products/gTMaIPskP1BRMcP2oSe0
193,money, ,https://class101.net/products/3aGZnRt6i9pdS2m6NTYr
194,money, ,https://class101.net/products/nyULkfIF1oH6kPNAPSLE
195,money, ,https://class101.net/products/JViNFMqAETG4rdq5RDm2
196,money, ,https://class101.net/products/GNNMfyIfdxmlByRtMbdI
197,money, ,https://class101.net/products/bM6mHt511x3FAaF5d1bH
198,money, ,https://class101.net/products/HOEqb85vLfEvGxEXlepL
199,money, ,https://class101.net/products/w4aPU5t9U4eaCr0vrL5l
200,career, ,https://class101.net/products/tk9ZcndBfpAWMkcSuln9
201,career, ,https://class101.net/products/Nl3FICmR5yj9gDBY3JHt
202,career, ,https://class101.net/products/ssvJ8xm8Hu9DNE80x37x
203,career, ,https://class101.net/products/pqQNWaOfSVq6RVNAkylI
204,career, ,https://class101.net/products/JyhcR2opa0d8kwH9B60E
205,career, ,https://class101.net/products/DPoZd4DROSlUcNxYSVlx
206,career, ,https://class101.net/products/euWprzr7oOp0CpidXfEF
207,career, ,https://class101.net/products/oU5yNXIHjzpmyJsyeIMI
208,career, ,https://class101.net/products/tzYia7G0IlcT9AvPm4qk
209,career, ,https://class101.net/products/vTjLq98ER90iEgEn5XXf
210,career, ,https://class101.net/products/eoRWV33KBKEx8hJwX0mI
211,career, ,https://class101.net/products/ysovxMyT45Uc7BJf18An
212,career, ,https://class101.net/products/LxSD3pdSvmGoSu3Vk1oi
213,career, ,https://class101.net/products/kyUf5Ly1YgfPp5KFcH8k
214,career, ,https://class101.net/products/0khf0PHxnnbi5xHQc7G8
215,career, ,https://class101.net/products/NEn5qd66nEHaVpqznY3J
216,career, ,https://class101.net/products/wPu76qt8487qi1ItCR1E
217,career, ,https://class101.net/products/MeUQLCfFwuzKxXkU2e91
218,career, ,https://class101.net/products/EQSsaPauoSmWnPoDP7ld
219,career, ,https://class101.net/products/xVYqd2NYQ5KIfx3Hyh0y
220,career, ,https://class101.net/products/RO7THQA5Y4eF4iHmdvPd
221,career, ,https://class101.net/products/vzITnUK9I5BC6J98OI06
222,career, ,https://class101.net/products/zE1ZRO2Jip1gR9ExFjcs
223,career, ,https://class101.net/products/5RcUZlcjCDVulejewYvU
224,career, ,https://class101.net/products/BJ6jqqbdjjWP097BqV3H
225,career, ,https://class101.net/products/frsqaRHmeWDTZwvy0yBt
226,career, ,https://class101.net/products/xYzEJ7cXkumFGexsdAI6
227,career, ,https://class101.net/products/PqxdYHXMc1QCkCvGEBku
228,career, ,https://class101.net/products/tk9ZcndBfpAWMkcSuln9
229,career, ,https://class101.net/products/Nl3FICmR5yj9gDBY3JHt
230,career, ,https://class101.net/products/ssvJ8xm8Hu9DNE80x37x
231,career, ,https://class101.net/products/pqQNWaOfSVq6RVNAkylI
232,career, ,https://class101.net/products/JyhcR2opa0d8kwH9B60E
233,career, ,https://class101.net/products/DPoZd4DROSlUcNxYSVlx
234,career, ,https://class101.net/products/euWprzr7oOp0CpidXfEF
235,career, ,https://class101.net/products/oU5yNXIHjzpmyJsyeIMI
236,career, ,https://class101.net/products/tzYia7G0IlcT9AvPm4qk
237,career, ,https://class101.net/products/vTjLq98ER90iEgEn5XXf
238,career, ,https://class101.net/products/eoRWV33KBKEx8hJwX0mI
239,career, ,https://class101.net/products/ysovxMyT45Uc7BJf18An
240,career, ,https://class101.net/products/LxSD3pdSvmGoSu3Vk1oi
241,career, ,https://class101.net/products/kyUf5Ly1YgfPp5KFcH8k
242,career, ,https://class101.net/products/0khf0PHxnnbi5xHQc7G8
243,career, ,https://class101.net/products/NEn5qd66nEHaVpqznY3J
244,career, ,https://class101.net/products/wPu76qt8487qi1ItCR1E
245,career, ,https://class101.net/products/MeUQLCfFwuzKxXkU2e91
246,career, ,https://class101.net/products/EQSsaPauoSmWnPoDP7ld
247,career, ,https://class101.net/products/xVYqd2NYQ5KIfx3Hyh0y
248,career, ,https://class101.net/products/RO7THQA5Y4eF4iHmdvPd
249,career, ,https://class101.net/products/vzITnUK9I5BC6J98OI06
250,career, ,https://class101.net/products/zE1ZRO2Jip1gR9ExFjcs
251,career, ,https://class101.net/products/5RcUZlcjCDVulejewYvU
252,career, ,https://class101.net/products/BJ6jqqbdjjWP097BqV3H
253,career, ,https://class101.net/products/frsqaRHmeWDTZwvy0yBt
254,career, ,https://class101.net/products/xYzEJ7cXkumFGexsdAI6
255,career, ,https://class101.net/products/PqxdYHXMc1QCkCvGEBku
256,career, ,https://class101.net/products/gFa0KoITX15Z0ISIuPjP
257,career, ,https://class101.net/products/oA1xFQg36RVNHDBPhiUH
258,career, ,https://class101.net/products/UCr4cydxaCZxKCyO28Qt
259,career, ,https://class101.net/products/Rdy01tgOJr6JgM5dTajT
260,career, ,https://class101.net/products/pBKPi79NrvxlEdy85pGG
261,career, ,https://class101.net/products/Y03u39WRBKEh2gUBU2vR
262,career, ,https://class101.net/products/oh5gWRd0tvp65OaQ9rpT
263,career, ,https://class101.net/products/bkI6wZjAHcxoWC4aOy0M
264,career, ,https://class101.net/products/k9xWqy3cxkMeOhavGLBZ
265,career, ,https://class101.net/products/D6vBhksZUOT8Y6e9PNsL
266,career, ,https://class101.net/products/ZR3MP6PWrpCFJDy32E7H
267,career, ,https://class101.net/products/XwNFvAxss1icQQS2I1RQ
268,career, ,https://class101.net/products/pu6vt4j5zbkwarzJQKJS
269,career, ,https://class101.net/products/kl030syt2F2bLPRu1e61
270,career, ,https://class101.net/products/5l7NBhgZc8f31346BXfd
271,career, ,https://class101.net/products/s3Fce0m08mg5tbofkqtt
272,career, ,https://class101.net/products/LZAZUXDzMoShLGBX6BAP
273,career, ,https://class101.net/products/sVojNzLEQ2hHM99g8Qun
274,career, ,https://class101.net/products/bsIL14Gpj2bZ0lG0Bz2o
275,career, ,https://class101.net/products/2lBCODLFYI7gJkyAKNEN
276,career, ,https://class101.net/products/yDF06KBZ1b3uHbXwHOD2
277,career, ,https://class101.net/products/WChANA5im9gAA6mV5k24
278,career, ,https://class101.net/products/in1XXV65pI2HESEoqnxd
279,career, ,https://class101.net/products/zER07XgAd3qkOxl3x1oA
280,career, ,https://class101.net/products/OWXndRN1fzytZU5fGAGN
281,career, ,https://class101.net/products/heQl6vZQkkWeSkrDhsuf
282,career, ,https://class101.net/products/zQzL4YfRU9b3TXH9XIaC
283,career, ,https://class101.net/products/X02G2UW01H6yt5pcHEi4
284,career, ,https://class101.net/products/tk9ZcndBfpAWMkcSuln9
285,career, ,https://class101.net/products/Nl3FICmR5yj9gDBY3JHt
286,career, ,https://class101.net/products/ssvJ8xm8Hu9DNE80x37x
287,career, ,https://class101.net/products/pqQNWaOfSVq6RVNAkylI
288,career, ,https://class101.net/products/JyhcR2opa0d8kwH9B60E
289,career, ,https://class101.net/products/DPoZd4DROSlUcNxYSVlx
290,career, ,https://class101.net/products/euWprzr7oOp0CpidXfEF
291,career, ,https://class101.net/products/oU5yNXIHjzpmyJsyeIMI
292,career, ,https://class101.net/products/tzYia7G0IlcT9AvPm4qk
293,career, ,https://class101.net/products/vTjLq98ER90iEgEn5XXf
294,career, ,https://class101.net/products/eoRWV33KBKEx8hJwX0mI
295,career, ,https://class101.net/products/ysovxMyT45Uc7BJf18An
296,career, ,https://class101.net/products/LxSD3pdSvmGoSu3Vk1oi
297,career, ,https://class101.net/products/kyUf5Ly1YgfPp5KFcH8k
298,career, ,https://class101.net/products/0khf0PHxnnbi5xHQc7G8
299,career, ,https://class101.net/products/NEn5qd66nEHaVpqznY3J
