,0
0,https://class101.net/products/MeWbxFNvpDjWA67CWylo
1,https://class101.net/products/YxoLEEDOqDUH3NZ1PBJ0
2,https://class101.net/products/taAqhVz62rYVn7JFZYY7
3,https://class101.net/products/6zymWqgESI5vlAS8XGVv
4,https://class101.net/products/eQ0bkTGij6wioYNSya88
5,https://class101.net/products/SuRY3jkWhHoOW4GHu6NQ
6,https://class101.net/products/aGWkyjGR9BeQnYVYSYPu
7,https://class101.net/products/TVGZnhMLoqiuvvOd0956
8,https://class101.net/products/2XmAanyYa7IuDNqtPyve
9,https://class101.net/products/hf3H7C5T96VByVsA3ZRz
10,https://class101.net/products/nE3Rka3C8quVUg6sJTXu
11,https://class101.net/products/zaswQi8tonzayH30fpDq
12,https://class101.net/products/kl0DdlkkXGyssJdqUHeK
13,https://class101.net/products/6JEEdjUieqshYeSb7ALy
14,https://class101.net/products/KPPdqrZv7ZQ6CrDU0VVa
15,https://class101.net/products/M7QbyoAue23dUEutSPtn
16,https://class101.net/products/j2cqasKulOEI8EtcgWmd
17,https://class101.net/products/AKwX4czUR18hIyk1A8gk
18,https://class101.net/products/Xl3FzgGJCzgid7nsKIjE
19,https://class101.net/products/fBcuqxuLShuEZXVFNfHV
20,https://class101.net/products/vzITnUK9I5BC6J98OI06
21,https://class101.net/products/Nl3FICmR5yj9gDBY3JHt
22,https://class101.net/products/HqYy7CbUm1E7SdvvT1sh
23,https://class101.net/products/euWprzr7oOp0CpidXfEF
24,https://class101.net/products/tk9ZcndBfpAWMkcSuln9
25,https://class101.net/products/OWXndRN1fzytZU5fGAGN
26,https://class101.net/products/UBNMsXOO8ZXMUXwRwDOu
27,https://class101.net/products/5RcUZlcjCDVulejewYvU
28,https://class101.net/products/vfU6Ngy8gwmP2MA8vx06
29,https://class101.net/products/JyhcR2opa0d8kwH9B60E
30,https://class101.net/products/TCFyXX6He5cWP3xLgiqc
31,https://class101.net/products/hWLdhNUo4rpxBeJ8zzOo
32,https://class101.net/products/yIUPwvqXcc0IaXH5RvW6
33,https://class101.net/products/OPsaXf3hHAavXtmzyVxK
34,https://class101.net/products/pAk9ijtO8nPWERlZghpy
35,https://class101.net/products/S5LzMTmdqZTgAlOd0ShN
36,https://class101.net/products/RJpO8VbR6VCSvVOJuxkf
37,https://class101.net/products/QWqBKncbHWid1oaNZQuB
38,https://class101.net/products/KH6ZsAFjVBIRLDryntuW
39,https://class101.net/products/gFp5RIfeeiAlo4tXOQz6
40,https://class101.net/products/cFvyCMt0WPjiCLNl5svc
41,https://class101.net/products/kG8qvSFmDcUdjbuttEsn
42,https://class101.net/products/rlHfVJqdSPtZiPUkvJrR
43,https://class101.net/products/7SZBg2Dld3PNQZK0nMFO
44,https://class101.net/products/4RIqfTUp0qz3l5VForYp
45,https://class101.net/products/O2KNiUs5a4znsrcyTHLZ
46,https://class101.net/products/VymF67Uhu9uWby01eRpe
47,https://class101.net/products/2EFH1GGCyaDvobALzDN0
48,https://class101.net/products/KRmlretPx4CSYuTHNa7Y
49,https://class101.net/products/mrdbfPLLElb8u1F7KFRK
